id,width,height,url,photographer,photographer_url,photographer_id,avg_color,original,large2x,large,medium,small,portrait,landscape,tiny,liked,alt,oreintation,aspect_ratio,photographer_length
36743919,4192,2795,https://www.pexels.com/photo/peaceful-call-duck-resting-on-wooden-fence-36743919/,Tristan Wilson,https://www.pexels.com/@tristanwmedia,2156322760,#6C664E,https://images.pexels.com/photos/36743919/pexels-photo-36743919.jpeg,https://images.pexels.com/photos/36743919/pexels-photo-36743919.jpeg?auto=compress&cs=tinysrgb&dpr=2&h=650&w=940,https://images.pexels.com/photos/36743919/pexels-photo-36743919.jpeg?auto=compress&cs=tinysrgb&h=650&w=940,https://images.pexels.com/photos/36743919/pexels-photo-36743919.jpeg?auto=compress&cs=tinysrgb&h=350,https://images.pexels.com/photos/36743919/pexels-photo-36743919.jpeg?auto=compress&cs=tinysrgb&h=130,https://images.pexels.com/photos/36743919/pexels-photo-36743919.jpeg?auto=compress&cs=tinysrgb&fit=crop&h=1200&w=800,https://images.pexels.com/photos/36743919/pexels-photo-36743919.jpeg?auto=compress&cs=tinysrgb&fit=crop&h=627&w=1200,https://images.pexels.com/photos/36743919/pexels-photo-36743919.jpeg?auto=compress&cs=tinysrgb&dpr=1&fit=crop&h=200&w=280,FALSE,A serene call duck sitting on a wooden fence post at sunset with trees in the background.,landscape,1.4998211091234348,14
36743921,4192,2795,https://www.pexels.com/photo/white-call-duck-resting-on-a-wooden-post-outdoors-36743921/,Tristan Wilson,https://www.pexels.com/@tristanwmedia,2156322760,#6D6854,https://images.pexels.com/photos/36743921/pexels-photo-36743921.jpeg,https://images.pexels.com/photos/36743921/pexels-photo-36743921.jpeg?auto=compress&cs=tinysrgb&dpr=2&h=650&w=940,https://images.pexels.com/photos/36743921/pexels-photo-36743921.jpeg?auto=compress&cs=tinysrgb&h=650&w=940,https://images.pexels.com/photos/36743921/pexels-photo-36743921.jpeg?auto=compress&cs=tinysrgb&h=350,https://images.pexels.com/photos/36743921/pexels-photo-36743921.jpeg?auto=compress&cs=tinysrgb&h=130,https://images.pexels.com/photos/36743921/pexels-photo-36743921.jpeg?auto=compress&cs=tinysrgb&fit=crop&h=1200&w=800,https://images.pexels.com/photos/36743921/pexels-photo-36743921.jpeg?auto=compress&cs=tinysrgb&fit=crop&h=627&w=1200,https://images.pexels.com/photos/36743921/pexels-photo-36743921.jpeg?auto=compress&cs=tinysrgb&dpr=1&fit=crop&h=200&w=280,FALSE,A peaceful white call duck perched on a wooden post with a sunset backdrop.,landscape,1.4998211091234348,14
36743920,4192,2795,https://www.pexels.com/photo/serene-call-duck-at-sunset-on-fence-post-36743920/,Tristan Wilson,https://www.pexels.com/@tristanwmedia,2156322760,#6C664E,https://images.pexels.com/photos/36743920/pexels-photo-36743920.jpeg,https://images.pexels.com/photos/36743920/pexels-photo-36743920.jpeg?auto=compress&cs=tinysrgb&dpr=2&h=650&w=940,https://images.pexels.com/photos/36743920/pexels-photo-36743920.jpeg?auto=compress&cs=tinysrgb&h=650&w=940,https://images.pexels.com/photos/36743920/pexels-photo-36743920.jpeg?auto=compress&cs=tinysrgb&h=350,https://images.pexels.com/photos/36743920/pexels-photo-36743920.jpeg?auto=compress&cs=tinysrgb&h=130,https://images.pexels.com/photos/36743920/pexels-photo-36743920.jpeg?auto=compress&cs=tinysrgb&fit=crop&h=1200&w=800,https://images.pexels.com/photos/36743920/pexels-photo-36743920.jpeg?auto=compress&cs=tinysrgb&fit=crop&h=627&w=1200,https://images.pexels.com/photos/36743920/pexels-photo-36743920.jpeg?auto=compress&cs=tinysrgb&dpr=1&fit=crop&h=200&w=280,FALSE,A tranquil scene of a call duck perched on a fence post at sunset with a blurred natural background.,landscape,1.4998211091234348,14
36709238,2795,4192,https://www.pexels.com/photo/white-duck-perched-on-rustic-fence-post-outdoors-36709238/,Tristan Wilson,https://www.pexels.com/@tristanwmedia,2156322760,#8F8774,https://images.pexels.com/photos/36709238/pexels-photo-36709238.jpeg,https://images.pexels.com/photos/36709238/pexels-photo-36709238.jpeg?auto=compress&cs=tinysrgb&dpr=2&h=650&w=940,https://images.pexels.com/photos/36709238/pexels-photo-36709238.jpeg?auto=compress&cs=tinysrgb&h=650&w=940,https://images.pexels.com/photos/36709238/pexels-photo-36709238.jpeg?auto=compress&cs=tinysrgb&h=350,https://images.pexels.com/photos/36709238/pexels-photo-36709238.jpeg?auto=compress&cs=tinysrgb&h=130,https://images.pexels.com/photos/36709238/pexels-photo-36709238.jpeg?auto=compress&cs=tinysrgb&fit=crop&h=1200&w=800,https://images.pexels.com/photos/36709238/pexels-photo-36709238.jpeg?auto=compress&cs=tinysrgb&fit=crop&h=627&w=1200,https://images.pexels.com/photos/36709238/pexels-photo-36709238.jpeg?auto=compress&cs=tinysrgb&dpr=1&fit=crop&h=200&w=280,FALSE,A white duck sits on a weathered wooden post in a serene outdoor setting with an out-of-focus American flag.,portrait,0.6667461832061069,14
833687,5472,3078,https://www.pexels.com/photo/green-and-gray-mallard-duck-833687/,Saeid Anvar,https://www.pexels.com/@indeedsaeed,257135,#A29389,https://images.pexels.com/photos/833687/pexels-photo-833687.jpeg,https://images.pexels.com/photos/833687/pexels-photo-833687.jpeg?auto=compress&cs=tinysrgb&dpr=2&h=650&w=940,https://images.pexels.com/photos/833687/pexels-photo-833687.jpeg?auto=compress&cs=tinysrgb&h=650&w=940,https://images.pexels.com/photos/833687/pexels-photo-833687.jpeg?auto=compress&cs=tinysrgb&h=350,https://images.pexels.com/photos/833687/pexels-photo-833687.jpeg?auto=compress&cs=tinysrgb&h=130,https://images.pexels.com/photos/833687/pexels-photo-833687.jpeg?auto=compress&cs=tinysrgb&fit=crop&h=1200&w=800,https://images.pexels.com/photos/833687/pexels-photo-833687.jpeg?auto=compress&cs=tinysrgb&fit=crop&h=627&w=1200,https://images.pexels.com/photos/833687/pexels-photo-833687.jpeg?auto=compress&cs=tinysrgb&dpr=1&fit=crop&h=200&w=280,FALSE,Vivid close-up of a mallard duck with vibrant plumage on a sunny day outdoors.,landscape,1.7777777777777777,11
7267289,5999,3736,https://www.pexels.com/photo/brown-duck-walking-on-green-grass-7267289/,Alexas Fotos,https://www.pexels.com/@alexasfotos,434602,#80854B,https://images.pexels.com/photos/7267289/pexels-photo-7267289.jpeg,https://images.pexels.com/photos/7267289/pexels-photo-7267289.jpeg?auto=compress&cs=tinysrgb&dpr=2&h=650&w=940,https://images.pexels.com/photos/7267289/pexels-photo-7267289.jpeg?auto=compress&cs=tinysrgb&h=650&w=940,https://images.pexels.com/photos/7267289/pexels-photo-7267289.jpeg?auto=compress&cs=tinysrgb&h=350,https://images.pexels.com/photos/7267289/pexels-photo-7267289.jpeg?auto=compress&cs=tinysrgb&h=130,https://images.pexels.com/photos/7267289/pexels-photo-7267289.jpeg?auto=compress&cs=tinysrgb&fit=crop&h=1200&w=800,https://images.pexels.com/photos/7267289/pexels-photo-7267289.jpeg?auto=compress&cs=tinysrgb&fit=crop&h=627&w=1200,https://images.pexels.com/photos/7267289/pexels-photo-7267289.jpeg?auto=compress&cs=tinysrgb&dpr=1&fit=crop&h=200&w=280,FALSE,"A selective focus photo of a mallard duck standing on grass, showcasing detailed feathers.",landscape,1.605728051391863,12
35088225,6960,4640,https://www.pexels.com/photo/mallard-ducks-resting-on-a-rock-in-tucson-35088225/,Lindsey Willard,https://www.pexels.com/@creativelindseyphotos,42373311,#7B7253,https://images.pexels.com/photos/35088225/pexels-photo-35088225.jpeg,https://images.pexels.com/photos/35088225/pexels-photo-35088225.jpeg?auto=compress&cs=tinysrgb&dpr=2&h=650&w=940,https://images.pexels.com/photos/35088225/pexels-photo-35088225.jpeg?auto=compress&cs=tinysrgb&h=650&w=940,https://images.pexels.com/photos/35088225/pexels-photo-35088225.jpeg?auto=compress&cs=tinysrgb&h=350,https://images.pexels.com/photos/35088225/pexels-photo-35088225.jpeg?auto=compress&cs=tinysrgb&h=130,https://images.pexels.com/photos/35088225/pexels-photo-35088225.jpeg?auto=compress&cs=tinysrgb&fit=crop&h=1200&w=800,https://images.pexels.com/photos/35088225/pexels-photo-35088225.jpeg?auto=compress&cs=tinysrgb&fit=crop&h=627&w=1200,https://images.pexels.com/photos/35088225/pexels-photo-35088225.jpeg?auto=compress&cs=tinysrgb&dpr=1&fit=crop&h=200&w=280,FALSE,"Two mallard ducks perched on a rock surrounded by reeds in Tucson, Arizona.",landscape,1.5,15
37107294,4221,2374,https://www.pexels.com/photo/vibrant-male-wood-duck-swimming-in-water-37107294/,Willians Huerta,https://www.pexels.com/@willians-huerta-2157111846,2157111846,#676056,https://images.pexels.com/photos/37107294/pexels-photo-37107294.jpeg,https://images.pexels.com/photos/37107294/pexels-photo-37107294.jpeg?auto=compress&cs=tinysrgb&dpr=2&h=650&w=940,https://images.pexels.com/photos/37107294/pexels-photo-37107294.jpeg?auto=compress&cs=tinysrgb&h=650&w=940,https://images.pexels.com/photos/37107294/pexels-photo-37107294.jpeg?auto=compress&cs=tinysrgb&h=350,https://images.pexels.com/photos/37107294/pexels-photo-37107294.jpeg?auto=compress&cs=tinysrgb&h=130,https://images.pexels.com/photos/37107294/pexels-photo-37107294.jpeg?auto=compress&cs=tinysrgb&fit=crop&h=1200&w=800,https://images.pexels.com/photos/37107294/pexels-photo-37107294.jpeg?auto=compress&cs=tinysrgb&fit=crop&h=627&w=1200,https://images.pexels.com/photos/37107294/pexels-photo-37107294.jpeg?auto=compress&cs=tinysrgb&dpr=1&fit=crop&h=200&w=280,FALSE,Close-up of a colorful male Wood Duck swimming gracefully in a pond.,landscape,1.7780117944397642,15
31670213,6192,4128,https://www.pexels.com/photo/pair-of-ducks-resting-on-grass-in-oxford-england-31670213/,Mark Dubery,https://www.pexels.com/@mark-dubery-2151216211,2151216211,#5D7B3B,https://images.pexels.com/photos/31670213/pexels-photo-31670213.jpeg,https://images.pexels.com/photos/31670213/pexels-photo-31670213.jpeg?auto=compress&cs=tinysrgb&dpr=2&h=650&w=940,https://images.pexels.com/photos/31670213/pexels-photo-31670213.jpeg?auto=compress&cs=tinysrgb&h=650&w=940,https://images.pexels.com/photos/31670213/pexels-photo-31670213.jpeg?auto=compress&cs=tinysrgb&h=350,https://images.pexels.com/photos/31670213/pexels-photo-31670213.jpeg?auto=compress&cs=tinysrgb&h=130,https://images.pexels.com/photos/31670213/pexels-photo-31670213.jpeg?auto=compress&cs=tinysrgb&fit=crop&h=1200&w=800,https://images.pexels.com/photos/31670213/pexels-photo-31670213.jpeg?auto=compress&cs=tinysrgb&fit=crop&h=627&w=1200,https://images.pexels.com/photos/31670213/pexels-photo-31670213.jpeg?auto=compress&cs=tinysrgb&dpr=1&fit=crop&h=200&w=280,FALSE,Two ducks lying on grass surrounded by daisies in a tranquil Oxford park.,landscape,1.5,11
29536465,4608,3072,https://www.pexels.com/photo/serene-ducks-in-a-tranquil-pond-setting-29536465/,Robert Schwarz,https://www.pexels.com/@robert-schwarz-1488822070,1488822070,#635A4B,https://images.pexels.com/photos/29536465/pexels-photo-29536465.jpeg,https://images.pexels.com/photos/29536465/pexels-photo-29536465.jpeg?auto=compress&cs=tinysrgb&dpr=2&h=650&w=940,https://images.pexels.com/photos/29536465/pexels-photo-29536465.jpeg?auto=compress&cs=tinysrgb&h=650&w=940,https://images.pexels.com/photos/29536465/pexels-photo-29536465.jpeg?auto=compress&cs=tinysrgb&h=350,https://images.pexels.com/photos/29536465/pexels-photo-29536465.jpeg?auto=compress&cs=tinysrgb&h=130,https://images.pexels.com/photos/29536465/pexels-photo-29536465.jpeg?auto=compress&cs=tinysrgb&fit=crop&h=1200&w=800,https://images.pexels.com/photos/29536465/pexels-photo-29536465.jpeg?auto=compress&cs=tinysrgb&fit=crop&h=627&w=1200,https://images.pexels.com/photos/29536465/pexels-photo-29536465.jpeg?auto=compress&cs=tinysrgb&dpr=1&fit=crop&h=200&w=280,FALSE,Two ducks swimming peacefully in a natural pond surrounded by autumn foliage.,landscape,1.5,14
12131388,5472,3648,https://www.pexels.com/photo/ducks-lying-down-on-the-ground-12131388/,Magda Ehlers,https://www.pexels.com/@magda-ehlers-pexels,102775,#65695B,https://images.pexels.com/photos/12131388/pexels-photo-12131388.jpeg,https://images.pexels.com/photos/12131388/pexels-photo-12131388.jpeg?auto=compress&cs=tinysrgb&dpr=2&h=650&w=940,https://images.pexels.com/photos/12131388/pexels-photo-12131388.jpeg?auto=compress&cs=tinysrgb&h=650&w=940,https://images.pexels.com/photos/12131388/pexels-photo-12131388.jpeg?auto=compress&cs=tinysrgb&h=350,https://images.pexels.com/photos/12131388/pexels-photo-12131388.jpeg?auto=compress&cs=tinysrgb&h=130,https://images.pexels.com/photos/12131388/pexels-photo-12131388.jpeg?auto=compress&cs=tinysrgb&fit=crop&h=1200&w=800,https://images.pexels.com/photos/12131388/pexels-photo-12131388.jpeg?auto=compress&cs=tinysrgb&fit=crop&h=627&w=1200,https://images.pexels.com/photos/12131388/pexels-photo-12131388.jpeg?auto=compress&cs=tinysrgb&dpr=1&fit=crop&h=200&w=280,FALSE,A serene scene of six white ducks relaxing on green grass under daylight.,landscape,1.5,12
21953720,6000,4000,https://www.pexels.com/photo/ducks-21953720/,Jessa Leigh,https://www.pexels.com/@jessaleigh,1139301822,#7C855A,https://images.pexels.com/photos/21953720/pexels-photo-21953720.jpeg,https://images.pexels.com/photos/21953720/pexels-photo-21953720.jpeg?auto=compress&cs=tinysrgb&dpr=2&h=650&w=940,https://images.pexels.com/photos/21953720/pexels-photo-21953720.jpeg?auto=compress&cs=tinysrgb&h=650&w=940,https://images.pexels.com/photos/21953720/pexels-photo-21953720.jpeg?auto=compress&cs=tinysrgb&h=350,https://images.pexels.com/photos/21953720/pexels-photo-21953720.jpeg?auto=compress&cs=tinysrgb&h=130,https://images.pexels.com/photos/21953720/pexels-photo-21953720.jpeg?auto=compress&cs=tinysrgb&fit=crop&h=1200&w=800,https://images.pexels.com/photos/21953720/pexels-photo-21953720.jpeg?auto=compress&cs=tinysrgb&fit=crop&h=627&w=1200,https://images.pexels.com/photos/21953720/pexels-photo-21953720.jpeg?auto=compress&cs=tinysrgb&dpr=1&fit=crop&h=200&w=280,FALSE,"Two domestic ducks, a Pekin and a Cayuga, roam a lush park in Farragut, TN.",landscape,1.5,11
33780366,4160,6240,https://www.pexels.com/photo/two-white-ducks-strolling-on-a-stone-pathway-33780366/,Israel Vittorio,https://www.pexels.com/@israel-vittorio-3005899,3005899,#5D5349,https://images.pexels.com/photos/33780366/pexels-photo-33780366.jpeg,https://images.pexels.com/photos/33780366/pexels-photo-33780366.jpeg?auto=compress&cs=tinysrgb&dpr=2&h=650&w=940,https://images.pexels.com/photos/33780366/pexels-photo-33780366.jpeg?auto=compress&cs=tinysrgb&h=650&w=940,https://images.pexels.com/photos/33780366/pexels-photo-33780366.jpeg?auto=compress&cs=tinysrgb&h=350,https://images.pexels.com/photos/33780366/pexels-photo-33780366.jpeg?auto=compress&cs=tinysrgb&h=130,https://images.pexels.com/photos/33780366/pexels-photo-33780366.jpeg?auto=compress&cs=tinysrgb&fit=crop&h=1200&w=800,https://images.pexels.com/photos/33780366/pexels-photo-33780366.jpeg?auto=compress&cs=tinysrgb&fit=crop&h=627&w=1200,https://images.pexels.com/photos/33780366/pexels-photo-33780366.jpeg?auto=compress&cs=tinysrgb&dpr=1&fit=crop&h=200&w=280,FALSE,Two white ducks walking on a rustic stone pathway surrounded by plants.,portrait,0.6666666666666666,15
35742701,6000,4000,https://www.pexels.com/photo/adorable-nest-of-ducklings-resting-outdoors-35742701/,Bert Seinstra,https://www.pexels.com/@bert-seinstra-62920,62920,#4E4E42,https://images.pexels.com/photos/35742701/pexels-photo-35742701.jpeg,https://images.pexels.com/photos/35742701/pexels-photo-35742701.jpeg?auto=compress&cs=tinysrgb&dpr=2&h=650&w=940,https://images.pexels.com/photos/35742701/pexels-photo-35742701.jpeg?auto=compress&cs=tinysrgb&h=650&w=940,https://images.pexels.com/photos/35742701/pexels-photo-35742701.jpeg?auto=compress&cs=tinysrgb&h=350,https://images.pexels.com/photos/35742701/pexels-photo-35742701.jpeg?auto=compress&cs=tinysrgb&h=130,https://images.pexels.com/photos/35742701/pexels-photo-35742701.jpeg?auto=compress&cs=tinysrgb&fit=crop&h=1200&w=800,https://images.pexels.com/photos/35742701/pexels-photo-35742701.jpeg?auto=compress&cs=tinysrgb&fit=crop&h=627&w=1200,https://images.pexels.com/photos/35742701/pexels-photo-35742701.jpeg?auto=compress&cs=tinysrgb&dpr=1&fit=crop&h=200&w=280,FALSE,A group of fluffy white ducklings resting together on grass in a sunny outdoor setting.,landscape,1.5,13
28849120,2261,2832,https://www.pexels.com/photo/elegant-white-duck-in-serene-pond-setting-28849120/,Be The Observer,https://www.pexels.com/@be-the-observer-2774093,2774093,#96975E,https://images.pexels.com/photos/28849120/pexels-photo-28849120.jpeg,https://images.pexels.com/photos/28849120/pexels-photo-28849120.jpeg?auto=compress&cs=tinysrgb&dpr=2&h=650&w=940,https://images.pexels.com/photos/28849120/pexels-photo-28849120.jpeg?auto=compress&cs=tinysrgb&h=650&w=940,https://images.pexels.com/photos/28849120/pexels-photo-28849120.jpeg?auto=compress&cs=tinysrgb&h=350,https://images.pexels.com/photos/28849120/pexels-photo-28849120.jpeg?auto=compress&cs=tinysrgb&h=130,https://images.pexels.com/photos/28849120/pexels-photo-28849120.jpeg?auto=compress&cs=tinysrgb&fit=crop&h=1200&w=800,https://images.pexels.com/photos/28849120/pexels-photo-28849120.jpeg?auto=compress&cs=tinysrgb&fit=crop&h=627&w=1200,https://images.pexels.com/photos/28849120/pexels-photo-28849120.jpeg?auto=compress&cs=tinysrgb&dpr=1&fit=crop&h=200&w=280,FALSE,A close-up of a white duck gracefully floating on a tranquil pond.,portrait,0.7983757062146892,15
16438923,2698,4271,https://www.pexels.com/photo/ducks-in-nature-16438923/,Vitalina Parpalak,https://www.pexels.com/@vitalina-parpalak-464777198,464777198,#8E866F,https://images.pexels.com/photos/16438923/pexels-photo-16438923.jpeg,https://images.pexels.com/photos/16438923/pexels-photo-16438923.jpeg?auto=compress&cs=tinysrgb&dpr=2&h=650&w=940,https://images.pexels.com/photos/16438923/pexels-photo-16438923.jpeg?auto=compress&cs=tinysrgb&h=650&w=940,https://images.pexels.com/photos/16438923/pexels-photo-16438923.jpeg?auto=compress&cs=tinysrgb&h=350,https://images.pexels.com/photos/16438923/pexels-photo-16438923.jpeg?auto=compress&cs=tinysrgb&h=130,https://images.pexels.com/photos/16438923/pexels-photo-16438923.jpeg?auto=compress&cs=tinysrgb&fit=crop&h=1200&w=800,https://images.pexels.com/photos/16438923/pexels-photo-16438923.jpeg?auto=compress&cs=tinysrgb&fit=crop&h=627&w=1200,https://images.pexels.com/photos/16438923/pexels-photo-16438923.jpeg?auto=compress&cs=tinysrgb&dpr=1&fit=crop&h=200&w=280,FALSE,"Three mallard ducks walking on a rural path, showcasing their natural habitat.",portrait,0.6317021774760009,17
36767578,5834,2918,https://www.pexels.com/photo/coexisting-ducks-relaxing-on-green-grass-36767578/,Erwin Bosman,https://www.pexels.com/@erwin-bosman-118283,118283,#5A6142,https://images.pexels.com/photos/36767578/pexels-photo-36767578.jpeg,https://images.pexels.com/photos/36767578/pexels-photo-36767578.jpeg?auto=compress&cs=tinysrgb&dpr=2&h=650&w=940,https://images.pexels.com/photos/36767578/pexels-photo-36767578.jpeg?auto=compress&cs=tinysrgb&h=650&w=940,https://images.pexels.com/photos/36767578/pexels-photo-36767578.jpeg?auto=compress&cs=tinysrgb&h=350,https://images.pexels.com/photos/36767578/pexels-photo-36767578.jpeg?auto=compress&cs=tinysrgb&h=130,https://images.pexels.com/photos/36767578/pexels-photo-36767578.jpeg?auto=compress&cs=tinysrgb&fit=crop&h=1200&w=800,https://images.pexels.com/photos/36767578/pexels-photo-36767578.jpeg?auto=compress&cs=tinysrgb&fit=crop&h=627&w=1200,https://images.pexels.com/photos/36767578/pexels-photo-36767578.jpeg?auto=compress&cs=tinysrgb&dpr=1&fit=crop&h=200&w=280,FALSE,"A peaceful scene of two ducks, one white and one Mallard, resting together on vibrant green grass outdoors.",landscape,1.9993145990404386,12
30857710,3077,3410,https://www.pexels.com/photo/two-white-ducks-on-a-sunny-lawn-30857710/,Angela Mentoor,https://www.pexels.com/@angela-mentoor-778119714,778119714,#4B7134,https://images.pexels.com/photos/30857710/pexels-photo-30857710.jpeg,https://images.pexels.com/photos/30857710/pexels-photo-30857710.jpeg?auto=compress&cs=tinysrgb&dpr=2&h=650&w=940,https://images.pexels.com/photos/30857710/pexels-photo-30857710.jpeg?auto=compress&cs=tinysrgb&h=650&w=940,https://images.pexels.com/photos/30857710/pexels-photo-30857710.jpeg?auto=compress&cs=tinysrgb&h=350,https://images.pexels.com/photos/30857710/pexels-photo-30857710.jpeg?auto=compress&cs=tinysrgb&h=130,https://images.pexels.com/photos/30857710/pexels-photo-30857710.jpeg?auto=compress&cs=tinysrgb&fit=crop&h=1200&w=800,https://images.pexels.com/photos/30857710/pexels-photo-30857710.jpeg?auto=compress&cs=tinysrgb&fit=crop&h=627&w=1200,https://images.pexels.com/photos/30857710/pexels-photo-30857710.jpeg?auto=compress&cs=tinysrgb&dpr=1&fit=crop&h=200&w=280,FALSE,Two white ducks standing on green grass under a clear sunny sky.,portrait,0.9023460410557185,14
30857711,3028,3096,https://www.pexels.com/photo/pair-of-white-ducks-on-a-sunny-lawn-30857711/,Angela Mentoor,https://www.pexels.com/@angela-mentoor-778119714,778119714,#568040,https://images.pexels.com/photos/30857711/pexels-photo-30857711.jpeg,https://images.pexels.com/photos/30857711/pexels-photo-30857711.jpeg?auto=compress&cs=tinysrgb&dpr=2&h=650&w=940,https://images.pexels.com/photos/30857711/pexels-photo-30857711.jpeg?auto=compress&cs=tinysrgb&h=650&w=940,https://images.pexels.com/photos/30857711/pexels-photo-30857711.jpeg?auto=compress&cs=tinysrgb&h=350,https://images.pexels.com/photos/30857711/pexels-photo-30857711.jpeg?auto=compress&cs=tinysrgb&h=130,https://images.pexels.com/photos/30857711/pexels-photo-30857711.jpeg?auto=compress&cs=tinysrgb&fit=crop&h=1200&w=800,https://images.pexels.com/photos/30857711/pexels-photo-30857711.jpeg?auto=compress&cs=tinysrgb&fit=crop&h=627&w=1200,https://images.pexels.com/photos/30857711/pexels-photo-30857711.jpeg?auto=compress&cs=tinysrgb&dpr=1&fit=crop&h=200&w=280,FALSE,Two white ducks standing on a lush green lawn on a sunny day.,portrait,0.9780361757105943,14
12131391,5119,3413,https://www.pexels.com/photo/ducks-on-the-sand-12131391/,Magda Ehlers,https://www.pexels.com/@magda-ehlers-pexels,102775,#959490,https://images.pexels.com/photos/12131391/pexels-photo-12131391.jpeg,https://images.pexels.com/photos/12131391/pexels-photo-12131391.jpeg?auto=compress&cs=tinysrgb&dpr=2&h=650&w=940,https://images.pexels.com/photos/12131391/pexels-photo-12131391.jpeg?auto=compress&cs=tinysrgb&h=650&w=940,https://images.pexels.com/photos/12131391/pexels-photo-12131391.jpeg?auto=compress&cs=tinysrgb&h=350,https://images.pexels.com/photos/12131391/pexels-photo-12131391.jpeg?auto=compress&cs=tinysrgb&h=130,https://images.pexels.com/photos/12131391/pexels-photo-12131391.jpeg?auto=compress&cs=tinysrgb&fit=crop&h=1200&w=800,https://images.pexels.com/photos/12131391/pexels-photo-12131391.jpeg?auto=compress&cs=tinysrgb&fit=crop&h=627&w=1200,https://images.pexels.com/photos/12131391/pexels-photo-12131391.jpeg?auto=compress&cs=tinysrgb&dpr=1&fit=crop&h=200&w=280,FALSE,Two white ducks relaxing on a sandy beach. Tranquil and serene scene.,landscape,1.4998535013184882,12
